item,itemLabel,region,regionLabel,population
http://www.wikidata.org/entity/Q12693919,Memmingen AB Airport,http://www.wikidata.org/entity/Q183,Germany,83467117
http://www.wikidata.org/entity/Q20447125,Laarbruch AB Airport,http://www.wikidata.org/entity/Q183,Germany,83467117
http://www.wikidata.org/entity/Q20452704,Dedelow Airport,http://www.wikidata.org/entity/Q183,Germany,83467117
http://www.wikidata.org/entity/Q20458393,Nordenbeck Airport,http://www.wikidata.org/entity/Q183,Germany,83467117
http://www.wikidata.org/entity/Q1431855,Leipzig-Mockau Airport,http://www.wikidata.org/entity/Q2079,Leipzig,615932
http://www.wikidata.org/entity/Q106508778,Airport Dresden-Heller,http://www.wikidata.org/entity/Q1731,Dresden,562764
http://www.wikidata.org/entity/Q327689,Lucius D. Clay Kaserne,http://www.wikidata.org/entity/Q1721,Wiesbaden,288584
http://www.wikidata.org/entity/Q116139805,Q116139805,http://www.wikidata.org/entity/Q158876,Reinickendorf,260300
http://www.wikidata.org/entity/Q98634477,Flughafen Flugplatzstraße 100 in Fürth,http://www.wikidata.org/entity/Q3075,Fürth,131344
http://www.wikidata.org/entity/Q320266,Nörvenich Air Base,http://www.wikidata.org/entity/Q3959,Kerpen,66377
